{
	"info": {
		"_postman_id": "40bc584f-0d42-452e-b697-710848eed553",
		"name": "bootcamp",
		"schema": "https://schema.getpostman.com/json/collection/v2.1.0/collection.json",
		"_exporter_id": "19887736"
	},
	"item": [
		{
			"name": "Login",
			"request": {
				"method": "POST",
				"header": [],
				"body": {
					"mode": "raw",
					"raw": "{\n    \"email\":\"arcelikiotdev@arcelik.com\",\n    \"deviceUDID\":\"FFFF424242\"\n}",
					"options": {
						"raw": {
							"language": "json"
						}
					}
				},
				"url": {
					"raw": "ec2-18-197-100-203.eu-central-1.compute.amazonaws.com:8080/auth/login",
					"host": [
						"ec2-18-197-100-203",
						"eu-central-1",
						"compute",
						"amazonaws",
						"com"
					],
					"port": "8080",
					"path": [
						"auth",
						"login"
					]
				}
			},
			"response": []
		},
		{
			"name": "Logout",
			"request": {
				"method": "POST",
				"header": [
					{
						"key": "token",
						"value": "CO5WIIdjTqSBAaw0gAngbunYOi0dAfWD",
						"type": "text"
					}
				],
				"url": {
					"raw": "ec2-18-197-100-203.eu-central-1.compute.amazonaws.com:8080/auth/logout/1",
					"host": [
						"ec2-18-197-100-203",
						"eu-central-1",
						"compute",
						"amazonaws",
						"com"
					],
					"port": "8080",
					"path": [
						"auth",
						"logout",
						"1"
					]
				}
			},
			"response": []
		},
		{
			"name": "81 Vilayet",
			"request": {
				"method": "GET",
				"header": [
					{
						"key": "token",
						"value": "LqfTN-j45yn-TyE1NyqgdCZET9c9e0LM",
						"type": "text"
					}
				],
				"url": {
					"raw": "ec2-18-197-100-203.eu-central-1.compute.amazonaws.com:8080/provinces?userID=1",
					"host": [
						"ec2-18-197-100-203",
						"eu-central-1",
						"compute",
						"amazonaws",
						"com"
					],
					"port": "8080",
					"path": [
						"provinces"
					],
					"query": [
						{
							"key": "userID",
							"value": "1"
						}
					]
				}
			},
			"response": []
		},
		{
			"name": "İstasyonlar",
			"request": {
				"method": "GET",
				"header": [
					{
						"key": "token",
						"value": "LqfTN-j45yn-TyE1NyqgdCZET9c9e0LM",
						"type": "text"
					}
				],
				"url": {
					"raw": "ec2-18-197-100-203.eu-central-1.compute.amazonaws.com:8080/stations?userID=1&userLatitude=39.925058&userLongitude=32.836860",
					"host": [
						"ec2-18-197-100-203",
						"eu-central-1",
						"compute",
						"amazonaws",
						"com"
					],
					"port": "8080",
					"path": [
						"stations"
					],
					"query": [
						{
							"key": "userID",
							"value": "1"
						},
						{
							"key": "userLatitude",
							"value": "39.925058"
						},
						{
							"key": "userLongitude",
							"value": "32.836860"
						}
					]
				}
			},
			"response": []
		},
		{
			"name": "İstasyon Tarihteki Doluluk",
			"request": {
				"method": "GET",
				"header": [
					{
						"key": "token",
						"value": "LqfTN-j45yn-TyE1NyqgdCZET9c9e0LM",
						"type": "text"
					}
				],
				"url": {
					"raw": "ec2-18-197-100-203.eu-central-1.compute.amazonaws.com:8080/stations/10?userID=1&date=2022-11-30",
					"host": [
						"ec2-18-197-100-203",
						"eu-central-1",
						"compute",
						"amazonaws",
						"com"
					],
					"port": "8080",
					"path": [
						"stations",
						"10"
					],
					"query": [
						{
							"key": "userID",
							"value": "1"
						},
						{
							"key": "date",
							"value": "2022-11-30"
						}
					]
				}
			},
			"response": []
		},
		{
			"name": "Randevu Al",
			"request": {
				"method": "POST",
				"header": [
					{
						"key": "token",
						"value": "LqfTN-j45yn-TyE1NyqgdCZET9c9e0LM",
						"type": "text"
					}
				],
				"body": {
					"mode": "raw",
					"raw": "{\n    \"stationID\": 7,\n    \"socketID\": 14,\n    \"timeSlot\": \"19:00\",\n    \"appointmentDate\":\"2022-06-20\"\n}",
					"options": {
						"raw": {
							"language": "json"
						}
					}
				},
				"url": {
					"raw": "ec2-18-197-100-203.eu-central-1.compute.amazonaws.com:8080/appointments/make?userID=1",
					"host": [
						"ec2-18-197-100-203",
						"eu-central-1",
						"compute",
						"amazonaws",
						"com"
					],
					"port": "8080",
					"path": [
						"appointments",
						"make"
					],
					"query": [
						{
							"key": "userID",
							"value": "1"
						}
					]
				}
			},
			"response": []
		},
		{
			"name": "Randevular",
			"protocolProfileBehavior": {
				"disableBodyPruning": true
			},
			"request": {
				"method": "GET",
				"header": [
					{
						"key": "token",
						"value": "LqfTN-j45yn-TyE1NyqgdCZET9c9e0LM",
						"type": "text"
					}
				],
				"body": {
					"mode": "raw",
					"raw": "",
					"options": {
						"raw": {
							"language": "json"
						}
					}
				},
				"url": {
					"raw": "ec2-18-197-100-203.eu-central-1.compute.amazonaws.com:8080/appointments/1",
					"host": [
						"ec2-18-197-100-203",
						"eu-central-1",
						"compute",
						"amazonaws",
						"com"
					],
					"port": "8080",
					"path": [
						"appointments",
						"1"
					]
				}
			},
			"response": []
		},
		{
			"name": "Randevu İptali",
			"request": {
				"method": "DELETE",
				"header": [
					{
						"key": "token",
						"value": "LqfTN-j45yn-TyE1NyqgdCZET9c9e0LM",
						"type": "text"
					}
				],
				"url": {
					"raw": "ec2-18-197-100-203.eu-central-1.compute.amazonaws.com:8080/appointments/cancel/1?userID=1",
					"host": [
						"ec2-18-197-100-203",
						"eu-central-1",
						"compute",
						"amazonaws",
						"com"
					],
					"port": "8080",
					"path": [
						"appointments",
						"cancel",
						"1"
					],
					"query": [
						{
							"key": "userID",
							"value": "1"
						}
					]
				}
			},
			"response": []
		}
	]
}