{
	"tr_TR":{
		"EMAIL_NOT_IN_CORRECT_FORM" : "Girilen E-Posta adresi doğru bir biçimde değil.",
		"NOT_FOUND" : "İstek bulunamadı",
		"USER_NOT_FOUND" : "Kullanıcı bulunamadı",
		"UNAUTHORIZED_REQUEST": "İşlemi yapmak için gereken yetkiye sahip değilsiniz.",
		"STATION_NOT_FOUND" : "Aranan istasyon bulunamadı.",
		"STATION_NOT_ACCEPTING_APPOINTMENTS" : "İstasyon verilen tarihte rezervasyon kabul etmemektedir.",
		"INVALID_DATE": "Geçersiz / geçmiş tarih bilgisi girildi.",
		"INVALID_TIME": "Geçersiz / geçmiş tarih bilgisi girildi.",
		"TIME_FORMAT_ERROR": "Saat formatı istenilen biçimde değil.",
		"SOCKET_OCCUPIED": "Soket belirtilen tarih ve saatte zaten kullanımda.",
		"APPOINTMENT_NOT_FOUND": "Aranan randevu bulunamadı.",
		"APPOINTMENT_USER_MISMATCH": "Aranan randevu verisi verilen kullanıcıya ait değil."	
	},
	"en_US":{
		"EMAIL_NOT_IN_CORRECT_FORM" : "E-mail is not in correct form.",
		"NOT_FOUND" : "Request was not found",
		"USER_NOT_FOUND" : "User was not found",
		"UNAUTHORIZED_REQUEST": "You are not authorized to fulfill the request.",
		"STATION_NOT_FOUND" : "Station was not found.",
		"STATION_NOT_ACCEPTING_APPOINTMENTS" : "Station is not accepting appointments whose date and time are specified.",
		"INVALID_DATE": "Invalid / past date information.",
		"INVALID_TIME": "Invalid / past time information.",
		"TIME_FORMAT_ERROR": "Time format is not in expected format",
		"SOCKET_OCCUPIED": "The socket is already in use on given date and time",
		"APPOINTMENT_NOT_FOUND": "Appointment was not found.",
		"APPOINTMENT_USER_MISMATCH": "Appointment does not belong to user given."	
	}
}
